{
  "$defs": {
    "entityLearning": {
      "additionalProperties": false,
      "properties": {
        "history": {
          "description": "Append-only log of learning events. Max 100 entries (FIFO eviction).",
          "items": {
            "$ref": "#/$defs/historyEntry"
          },
          "maxItems": 100,
          "type": "array"
        },
        "metrics": {
          "additionalProperties": {
            "type": "number"
          },
          "description": "Counters and tracking values.",
          "type": "object"
        },
        "skills": {
          "additionalProperties": {
            "type": "number"
          },
          "description": "Numeric skill values (float or int).",
          "type": "object"
        }
      },
      "required": [
        "skills",
        "metrics",
        "history"
      ],
      "type": "object"
    },
    "historyEntry": {
      "additionalProperties": true,
      "properties": {
        "event": {
          "description": "Event identifier.",
          "minLength": 1,
          "type": "string"
        },
        "tick": {
          "description": "Engine tick when event occurred.",
          "minimum": 0,
          "type": "integer"
        }
      },
      "required": [
        "tick",
        "event"
      ],
      "type": "object"
    },
    "skillEnvelope": {
      "additionalProperties": false,
      "properties": {
        "delta_per_event": {
          "description": "Change per teaching event.",
          "type": "number"
        },
        "max": {
          "description": "Maximum skill value.",
          "type": "number"
        },
        "min": {
          "description": "Minimum skill value.",
          "type": "number"
        }
      },
      "required": [
        "min",
        "max",
        "delta_per_event"
      ],
      "type": "object"
    },
    "teachingEvent": {
      "additionalProperties": true,
      "properties": {
        "amount": {
          "description": "Increment amount (for metric_increment).",
          "type": "number"
        },
        "delta": {
          "description": "Value change (for skill_update).",
          "type": "number"
        },
        "event_name": {
          "description": "Event name (for history_append).",
          "type": "string"
        },
        "metric": {
          "description": "Target metric name (for metric_increment).",
          "type": "string"
        },
        "skill": {
          "description": "Target skill name.",
          "type": "string"
        },
        "type": {
          "description": "Teaching event type.",
          "enum": [
            "skill_update",
            "metric_increment",
            "history_append"
          ],
          "type": "string"
        }
      },
      "required": [
        "type",
        "skill"
      ],
      "type": "object"
    }
  },
  "$id": "https://acorn.local/schemas/learning.schema.v1.0.json",
  "$schema": "https://json-schema.org/draft/2020-12/schema",
  "additionalProperties": false,
  "description": "Bounded learning state format. Lives in runtime state, NOT plates.",
  "properties": {
    "entities": {
      "additionalProperties": {
        "$ref": "#/$defs/entityLearning"
      },
      "description": "Per-entity learning state, keyed by entity_id.",
      "type": "object"
    },
    "version": {
      "const": "1.0",
      "description": "Learning schema version.",
      "type": "string"
    }
  },
  "required": [
    "version",
    "entities"
  ],
  "title": "Acorn Learning State Schema v1.0",
  "type": "object"
}