{
  "$id": "https://acorn.local/schemas/save.schema.v1.0.json",
  "$schema": "https://json-schema.org/draft/2020-12/schema",
  "additionalProperties": false,
  "description": "Runtime state persistence format. Captures mutable state only - NOT plates.",
  "properties": {
    "created_at": {
      "description": "ISO 8601 timestamp when save was created.",
      "format": "date-time",
      "type": "string"
    },
    "engine_version": {
      "description": "Engine version that created this save.",
      "pattern": "^\\d+\\.\\d+\\.\\d+",
      "type": "string"
    },
    "metadata": {
      "additionalProperties": true,
      "description": "Optional metadata (display name, notes, etc.).",
      "type": "object"
    },
    "plate_stack_hash": {
      "description": "SHA256 hash of the plate stack. MUST match active stack on load.",
      "pattern": "^[a-f0-9]{64}$",
      "type": "string"
    },
    "save_id": {
      "description": "Unique identifier for this save (UUID recommended).",
      "minLength": 1,
      "type": "string"
    },
    "schema_version": {
      "const": "1.0.0",
      "description": "Save schema version. Must be exactly '1.0.0' for Phase 14.",
      "type": "string"
    },
    "state": {
      "additionalProperties": false,
      "description": "Runtime state container. MUST NOT overlap with plate definitions.",
      "properties": {
        "entities": {
          "additionalProperties": {
            "additionalProperties": true,
            "type": "object"
          },
          "description": "Per-entity runtime state, keyed by entity_id.",
          "type": "object"
        },
        "systems": {
          "additionalProperties": true,
          "description": "Engine subsystem state (rule evaluator, etc.).",
          "type": "object"
        },
        "world_state": {
          "additionalProperties": true,
          "description": "Mutable world values (counters, flags, etc.).",
          "type": "object"
        }
      },
      "type": "object"
    },
    "tick": {
      "description": "Engine tick count at time of save.",
      "minimum": 0,
      "type": "integer"
    }
  },
  "required": [
    "schema_version",
    "save_id",
    "engine_version",
    "plate_stack_hash",
    "created_at",
    "tick",
    "state"
  ],
  "title": "Acorn Save Envelope Schema v1.0",
  "type": "object"
}