{
  "schema_version": "1.0.0",
  "plate_id": "example-entities-001",
  "plate_type": "ENTITY",
  "name": "Example Entities",
  "version": "1.0.0",
  "engine_compat": ">=12.0.0 <13.0.0",
  "resonance_key": "entities.example.v1",
  "created_at": "2026-01-24T00:00:00Z",
  "tags": ["example", "starter"],
  "source": {
    "author": "Acorn Engine Team",
    "source_path": "plates/examples/entities.json"
  },
  "content": {
    "entity_templates": [
      {
        "template_id": "explorer",
        "name": "Explorer",
        "traits": {
          "speed": 1.0,
          "curiosity": 0.8,
          "caution": 0.5
        },
        "capabilities": ["move", "observe", "interact"]
      },
      {
        "template_id": "guardian",
        "name": "Guardian",
        "traits": {
          "speed": 0.5,
          "vigilance": 0.9,
          "strength": 0.8
        },
        "capabilities": ["move", "observe", "protect"]
      }
    ]
  }
}
