{
  "schema_version": "1.0.0",
  "plate_id": "example-rules-001",
  "plate_type": "RULE",
  "name": "Example Rules",
  "version": "1.0.0",
  "engine_compat": ">=12.0.0 <13.0.0",
  "resonance_key": "rules.example.v1",
  "created_at": "2026-01-24T00:00:00Z",
  "tags": ["example", "starter"],
  "source": {
    "author": "Acorn Engine Team",
    "source_path": "plates/examples/rules.json"
  },
  "content": {
    "rule_set_id": "example_rules",
    "mode": "strict",
    "enabled_rule_ids": [
      "counter_threshold"
    ],
    "parameters": {
      "counter_threshold": {
        "threshold": 10
      }
    }
  }
}
