{
  "schema_version": "1.0.0",
  "plate_id": "example-scenario-001",
  "plate_type": "SCENARIO",
  "name": "Example Scenario",
  "version": "1.0.0",
  "engine_compat": ">=12.0.0 <13.0.0",
  "resonance_key": "scenario.example.v1",
  "created_at": "2026-01-24T00:00:00Z",
  "tags": ["example", "starter"],
  "source": {
    "author": "Acorn Engine Team",
    "source_path": "plates/examples/scenario.json"
  },
  "content": {
    "scenario_id": "example_scenario",
    "world_ref": "example_world",
    "initial_entities": [
      {
        "entity_id": "explorer_1",
        "template_id": "explorer",
        "region_id": "spawn",
        "state": {}
      },
      {
        "entity_id": "guardian_1",
        "template_id": "guardian",
        "region_id": "village",
        "state": {}
      }
    ],
    "parameters": {
      "max_ticks": 10000
    }
  }
}
