{
  "schema_version": "1.0.0",
  "plate_id": "example-world-001",
  "plate_type": "WORLD",
  "name": "Example World",
  "version": "1.0.0",
  "engine_compat": ">=12.0.0 <13.0.0",
  "resonance_key": "world.example.v1",
  "created_at": "2026-01-24T00:00:00Z",
  "tags": ["example", "starter"],
  "source": {
    "author": "Acorn Engine Team",
    "source_path": "plates/examples/world.json"
  },
  "content": {
    "world_id": "example_world",
    "topology": {
      "mode": "graph"
    },
    "regions": [
      {
        "region_id": "spawn",
        "name": "Spawn Point",
        "properties": {
          "safe_zone": true
        }
      },
      {
        "region_id": "forest",
        "name": "Dark Forest",
        "properties": {
          "terrain": "forest",
          "visibility": "low"
        }
      },
      {
        "region_id": "village",
        "name": "Village Square",
        "properties": {
          "terrain": "urban",
          "population": "high"
        }
      }
    ],
    "connections": [
      {"from": "spawn", "to": "forest"},
      {"from": "forest", "to": "village"},
      {"from": "village", "to": "spawn"}
    ],
    "constraints": {
      "max_entities": 100
    }
  }
}
