{
  "$schema": "http://json-schema.org/draft-07/schema#",
  "$id": "curriculum.schema.v1.0.json",
  "title": "Curriculum Schema v1.0",
  "description": "Schema for curriculum definitions. Linear ordering only, no branching.",
  "type": "object",
  "required": [
    "curriculum_id",
    "lessons"
  ],
  "additionalProperties": false,
  "properties": {
    "curriculum_id": {
      "type": "string",
      "minLength": 1,
      "description": "Unique identifier for this curriculum"
    },
    "lessons": {
      "type": "array",
      "items": {
        "type": "string",
        "minLength": 1
      },
      "description": "Ordered list of lesson_id strings to execute"
    },
    "name": {
      "type": "string",
      "description": "Optional human-readable name"
    },
    "description": {
      "type": "string",
      "description": "Optional description of curriculum purpose"
    }
  }
}
