{
  "$schema": "http://json-schema.org/draft-07/schema#",
  "$id": "lesson.schema.v1.0.json",
  "title": "Lesson Schema v1.0",
  "description": "Schema for data-only lesson definitions. No executable content permitted.",
  "type": "object",
  "required": [
    "lesson_id",
    "target_entity",
    "skill",
    "delta",
    "reason"
  ],
  "additionalProperties": false,
  "properties": {
    "lesson_id": {
      "type": "string",
      "minLength": 1,
      "description": "Unique identifier for this lesson"
    },
    "target_entity": {
      "type": "string",
      "minLength": 1,
      "description": "Entity ID to receive teaching"
    },
    "skill": {
      "type": "string",
      "minLength": 1,
      "description": "Skill to teach"
    },
    "delta": {
      "type": "number",
      "description": "Skill delta to apply (positive or negative)"
    },
    "reason": {
      "type": "string",
      "minLength": 1,
      "description": "Human-readable reason for teaching"
    },
    "preconditions": {
      "type": "object",
      "additionalProperties": false,
      "description": "Optional preconditions for lesson execution",
      "properties": {
        "min_value": {
          "type": "number",
          "description": "Minimum skill value required before teaching"
        },
        "max_value": {
          "type": "number",
          "description": "Maximum skill value required before teaching"
        }
      }
    }
  }
}
