{
  "engine_version": "12.19.0",
  "phases_included": [13, 14, 15, 16, 18, 19],
  "python_version": "3.10+",
  "platform": "agnostic",
  "deterministic": true,
  "checksum_algorithm": "sha256",
  "build_date": "2026-01-24",
  "test_results": {
    "v12_baseline": 156,
    "phase_13": 7,
    "phase_14": 8,
    "phase_15": 8,
    "phase_16": 9,
    "phase_18": 8,
    "phase_19": 8,
    "total": 204
  },
  "components": {
    "engine": "engine/",
    "plates": "plates/",
    "tests": "tests/",
    "docs": "docs/"
  },
  "entry_point": "main.py",
  "requirements": "requirements.txt"
}
