{
  "plate_header": {
    "plate_id": "fairy_garden.learning.v1",
    "plate_type": "learning",
    "version": "1.0.0",
    "author": "Irvin S. Pontious Jr",
    "copyright": "\u00a9 Irvin S. Pontious Jr. All rights reserved.",
    "license": "Demo use only. No redistribution. No derivatives.",
    "engine_lineage": {
      "engine_name": "Acorn Engine",
      "engine_version_min": "12.19.0",
      "console_compat": "acorn_console_free",
      "origin_plate_set": "fairy_garden_demo"
    },
    "integrity": {
      "hash": "d4e02ae52b6dc19267f50d091965b5a9130c53641469adf80c7f63b2e7d938e3",
      "signature": "FG_LEAR_d4e02ae52b6dc192"
    }
  },
  "learning": {
    "gap_learning": {
      "enabled": true,
      "pattern": "A_to_B_skip_C",
      "verification_loop": true
    },
    "puzzle_rooms": {
      "generation": "emergent",
      "fragmentation": {
        "per_fairy_view": true,
        "min_fragments": 3,
        "max_fragments": 6
      },
      "solve_requirements": {
        "coordination_required": true,
        "single_agent_disallowed": true
      }
    }
  }
}