{
  "plate_header": {
    "plate_id": "fairy_garden.avatar.v1",
    "plate_type": "avatar",
    "schema_version": "1.0",
    "engine_compat": ">=12.0.0",
    "console_compat": ">=0.1.0"
  },
  "plate_meta": {
    "author": "Recursive Squirrel Works",
    "created": "2025-01-24",
    "origin_plate_set": "fairy_garden_demo",
    "integrity": "sha256:avatar_placeholder"
  },
  "content": {
    "id": "player_avatar",
    "name": "Player Avatar",
    "description": "The player's embodiment in the Fairy Garden",
    "spawn": {
      "room": "room_0",
      "room_name": "Entrance"
    },
    "abilities": [
      "move",
      "look", 
      "speak",
      "observe",
      "interact"
    ],
    "movement": {
      "allowed": true,
      "directions": ["n", "s", "e", "w", "ne", "nw", "se", "sw"]
    },
    "traits": {
      "can_move": true,
      "can_speak": true,
      "can_observe": true
    }
  }
}
