{
  "$id": "https://acorn.local/schemas/entity.content.schema.v1.0.json",
  "$schema": "https://json-schema.org/draft/2020-12/schema",
  "additionalProperties": false,
  "properties": {
    "entity_templates": {
      "items": {
        "additionalProperties": false,
        "properties": {
          "capabilities": {
            "default": [],
            "description": "Freeform capability strings. No registry validation (unlike rule_ids).",
            "items": {
              "type": "string"
            },
            "type": "array"
          },
          "limits": {
            "additionalProperties": true,
            "default": {},
            "description": "Entity limits and constraints.",
            "type": "object"
          },
          "name": {
            "description": "Human-readable template name.",
            "minLength": 1,
            "type": "string"
          },
          "notes": {
            "type": "string"
          },
          "schema_hash": {
            "description": "Optional SHA256 of canonical template definition. Used for conflict detection when same template_id appears in multiple plates.",
            "pattern": "^[a-f0-9]{64}$",
            "type": "string"
          },
          "tags": {
            "default": [],
            "items": {
              "type": "string"
            },
            "type": "array"
          },
          "template_id": {
            "description": "Unique identifier for this template.",
            "minLength": 1,
            "type": "string"
          },
          "traits": {
            "additionalProperties": true,
            "description": "Entity traits as key-value pairs.",
            "type": "object"
          }
        },
        "required": [
          "template_id",
          "name",
          "traits",
          "capabilities"
        ],
        "type": "object"
      },
      "minItems": 1,
      "type": "array"
    }
  },
  "required": [
    "entity_templates"
  ],
  "title": "Entity Plate Content Schema v1.0 \u2014 FINAL LOCKED",
  "type": "object"
}