{
  "$id": "https://acorn.local/schemas/plate.schema.v1.0.json",
  "$schema": "https://json-schema.org/draft/2020-12/schema",
  "additionalProperties": false,
  "properties": {
    "content": {
      "description": "Type-specific payload. Validate using the appropriate content schema for plate_type.",
      "type": "object"
    },
    "created_at": {
      "description": "ISO 8601 creation timestamp.",
      "format": "date-time",
      "type": "string"
    },
    "dependencies": {
      "additionalProperties": false,
      "description": "Optional dependency declarations.",
      "properties": {
        "required_plate_types": {
          "description": "Plate types that must be present in stack.",
          "items": {
            "enum": [
              "WORLD",
              "RULE",
              "ENTITY",
              "SCENARIO"
            ],
            "type": "string"
          },
          "type": "array"
        },
        "required_tags": {
          "description": "Tags that must be present on at least one plate in stack.",
          "items": {
            "type": "string"
          },
          "type": "array"
        }
      },
      "type": "object"
    },
    "description": {
      "description": "Optional longer description of plate purpose.",
      "type": "string"
    },
    "engine_compat": {
      "description": "SemVer range for compatible engine versions, e.g. '>=12.0.0 <13.0.0'",
      "minLength": 1,
      "type": "string"
    },
    "name": {
      "description": "Human-readable label for this plate.",
      "minLength": 1,
      "type": "string"
    },
    "plate_id": {
      "description": "Unique plate instance id (UUID recommended). Must be unique within stack.",
      "minLength": 1,
      "type": "string"
    },
    "plate_type": {
      "description": "Type of payload this plate carries.",
      "enum": [
        "WORLD",
        "RULE",
        "ENTITY",
        "SCENARIO"
      ],
      "type": "string"
    },
    "resonance_key": {
      "description": "Stable interaction key. Must be unique within stack.",
      "minLength": 1,
      "type": "string"
    },
    "schema_version": {
      "const": "1.0.0",
      "description": "Schema version. Must be exactly '1.0.0' for Phase 13.",
      "type": "string"
    },
    "source": {
      "additionalProperties": false,
      "properties": {
        "author": {
          "description": "Author identifier or name.",
          "type": "string"
        },
        "checksum": {
          "description": "Optional SHA256 of serialized plate for integrity verification.",
          "pattern": "^[a-f0-9]{64}$",
          "type": "string"
        },
        "created_with": {
          "description": "Tooling identifier, e.g. 'png_writer v0.1'",
          "type": "string"
        },
        "notes": {
          "description": "Optional authoring notes.",
          "type": "string"
        },
        "source_path": {
          "description": "Original path/name inside /plates directory.",
          "type": "string"
        }
      },
      "required": [
        "author",
        "source_path"
      ],
      "type": "object"
    },
    "tags": {
      "default": [],
      "description": "Freeform tags for categorization and filtering.",
      "items": {
        "type": "string"
      },
      "type": "array"
    },
    "version": {
      "description": "Plate content version (SemVer format).",
      "pattern": "^\\d+\\.\\d+\\.\\d+",
      "type": "string"
    }
  },
  "required": [
    "schema_version",
    "plate_id",
    "plate_type",
    "name",
    "version",
    "resonance_key",
    "created_at",
    "tags",
    "content",
    "source",
    "engine_compat"
  ],
  "title": "Acorn Plate (Envelope) Schema v1.0 \u2014 FINAL LOCKED",
  "type": "object"
}