{
  "$id": "https://acorn.local/schemas/rule.content.schema.v1.0.json",
  "$schema": "https://json-schema.org/draft/2020-12/schema",
  "additionalProperties": false,
  "properties": {
    "disabled_rule_ids": {
      "default": [],
      "description": "Rule IDs to disable (only used in overlay mode).",
      "items": {
        "type": "string"
      },
      "type": "array"
    },
    "enabled_rule_ids": {
      "description": "Rule IDs to enable. MUST exist in engine rule registry (hard fail if unknown).",
      "items": {
        "type": "string"
      },
      "minItems": 1,
      "type": "array"
    },
    "mode": {
      "default": "allowlist",
      "description": "allowlist = ONLY enabled_rule_ids run, disabled_rule_ids ignored. overlay = start from defaults, apply enables then disables.",
      "enum": [
        "allowlist",
        "overlay"
      ],
      "type": "string"
    },
    "notes": {
      "description": "Optional notes about this rule configuration.",
      "type": "string"
    },
    "rule_set_id": {
      "description": "Identifier for this rule configuration set.",
      "minLength": 1,
      "type": "string"
    },
    "self_regulation": {
      "additionalProperties": false,
      "properties": {
        "counter_threshold": {
          "default": 0,
          "description": "Counter threshold for self-regulation triggers.",
          "minimum": 0,
          "type": "integer"
        },
        "envelope_max_ratio": {
          "default": 0.9,
          "description": "Maximum envelope utilization ratio before warnings.",
          "maximum": 1,
          "minimum": 0,
          "type": "number"
        },
        "notes": {
          "type": "string"
        }
      },
      "type": "object"
    }
  },
  "required": [
    "rule_set_id",
    "enabled_rule_ids"
  ],
  "title": "Rule Plate Content Schema v1.0 \u2014 FINAL LOCKED",
  "type": "object"
}