{
  "$id": "https://acorn.local/schemas/scenario.content.schema.v1.0.json",
  "$schema": "https://json-schema.org/draft/2020-12/schema",
  "additionalProperties": false,
  "properties": {
    "initial_entities": {
      "default": [],
      "items": {
        "additionalProperties": false,
        "properties": {
          "entity_id": {
            "description": "Unique identifier for this entity instance.",
            "minLength": 1,
            "type": "string"
          },
          "region_id": {
            "description": "Starting region. MUST match a known region from resolved WORLD.",
            "minLength": 1,
            "type": "string"
          },
          "state": {
            "additionalProperties": true,
            "default": {},
            "description": "Initial entity state overrides.",
            "type": "object"
          },
          "template_id": {
            "description": "Entity template to use. MUST match a known template from ENTITY plates.",
            "minLength": 1,
            "type": "string"
          }
        },
        "required": [
          "entity_id",
          "template_id",
          "region_id"
        ],
        "type": "object"
      },
      "type": "array"
    },
    "parameters": {
      "additionalProperties": false,
      "default": {},
      "properties": {
        "geometry_explosion": {
          "additionalProperties": true,
          "description": "Geometry explosion parameters (if applicable).",
          "type": "object"
        },
        "notes": {
          "type": "string"
        },
        "ticks": {
          "default": 0,
          "description": "Starting tick count.",
          "minimum": 0,
          "type": "integer"
        },
        "tps_target": {
          "description": "Target ticks per second.",
          "minimum": 0,
          "type": "number"
        }
      },
      "type": "object"
    },
    "scenario_id": {
      "description": "Unique identifier for this scenario.",
      "minLength": 1,
      "type": "string"
    },
    "world_ref": {
      "description": "world_id this scenario requires. MUST match exactly one WORLD plate's content.world_id in the resolved stack.",
      "minLength": 1,
      "type": "string"
    }
  },
  "required": [
    "scenario_id",
    "world_ref",
    "initial_entities",
    "parameters"
  ],
  "title": "Scenario Plate Content Schema v1.0 \u2014 FINAL LOCKED",
  "type": "object"
}