{
  "$id": "https://acorn.local/schemas/world.content.schema.v1.0.json",
  "$schema": "https://json-schema.org/draft/2020-12/schema",
  "additionalProperties": false,
  "properties": {
    "connections": {
      "default": [],
      "description": "Connections between regions. All connections are bidirectional in v1.0.",
      "items": {
        "additionalProperties": false,
        "properties": {
          "from": {
            "description": "Source region_id. Note: connections are BIDIRECTIONAL in v1.0.",
            "type": "string"
          },
          "properties": {
            "additionalProperties": true,
            "type": "object"
          },
          "to": {
            "description": "Target region_id. Note: connections are BIDIRECTIONAL in v1.0.",
            "type": "string"
          },
          "type": {
            "default": "path",
            "description": "Connection type (e.g., 'path', 'door', 'portal').",
            "type": "string"
          }
        },
        "required": [
          "from",
          "to"
        ],
        "type": "object"
      },
      "type": "array"
    },
    "constraints": {
      "additionalProperties": false,
      "default": {},
      "properties": {
        "authority_envelope_ref": {
          "description": "Optional reference to Phase 10 envelope.",
          "type": "string"
        },
        "max_entities": {
          "description": "Maximum entities allowed in this world.",
          "minimum": 0,
          "type": "integer"
        },
        "notes": {
          "type": "string"
        },
        "tick_rate_cap": {
          "description": "Maximum ticks per second.",
          "minimum": 0,
          "type": "number"
        }
      },
      "type": "object"
    },
    "regions": {
      "items": {
        "additionalProperties": false,
        "properties": {
          "name": {
            "description": "Human-readable region name.",
            "minLength": 1,
            "type": "string"
          },
          "properties": {
            "additionalProperties": true,
            "description": "Freeform region properties.",
            "type": "object"
          },
          "region_id": {
            "description": "Unique identifier for this region.",
            "minLength": 1,
            "type": "string"
          },
          "tags": {
            "default": [],
            "items": {
              "type": "string"
            },
            "type": "array"
          }
        },
        "required": [
          "region_id",
          "name"
        ],
        "type": "object"
      },
      "minItems": 1,
      "type": "array"
    },
    "topology": {
      "additionalProperties": false,
      "properties": {
        "edge_factor": {
          "description": "Connectivity factor for procedural generation.",
          "minimum": 0,
          "type": "number"
        },
        "mode": {
          "description": "World topology mode.",
          "enum": [
            "graph",
            "grid",
            "continuous"
          ],
          "type": "string"
        },
        "node_density": {
          "description": "Density parameter for procedural generation.",
          "minimum": 0,
          "type": "number"
        },
        "notes": {
          "type": "string"
        }
      },
      "required": [
        "mode"
      ],
      "type": "object"
    },
    "world_id": {
      "description": "Unique identifier for this world definition.",
      "minLength": 1,
      "type": "string"
    }
  },
  "required": [
    "world_id",
    "topology",
    "regions",
    "constraints"
  ],
  "title": "World Plate Content Schema v1.0 \u2014 FINAL LOCKED",
  "type": "object"
}